replicate,dataset,model,n,pos,roc_auc,pr_auc,f1,prec,rec,bal_acc,mcc,train_rows,fit_s
0,balanced_holdout,GradientBoosting,132436,27536,0.8034,0.6982,0.6146,0.7457,0.5227,0.738,0.5474,,
0,balanced_holdout,LinearSVC,132436,27536,0.7145,0.567,0.4988,0.6183,0.418,0.6751,0.409,,
0,strong,GradientBoosting,694786,195741,0.8325,0.7707,0.6935,0.8322,0.5945,0.7737,0.6143,,
0,strong,LinearSVC,694786,195741,0.6884,0.5539,0.4826,0.5883,0.4091,0.6484,0.3364,,
0,subtle,GradientBoosting,705587,210963,0.8192,0.7784,0.6584,0.8461,0.5388,0.7485,0.5796,,
0,subtle,LinearSVC,705587,210963,0.6397,0.5348,0.3632,0.7095,0.244,0.6007,0.3036,,
1,balanced_holdout,GradientBoosting,138271,41368,0.8205,0.787,0.6806,0.7582,0.6175,0.7667,0.569,,
1,balanced_holdout,LinearSVC,138271,41368,0.7291,0.6633,0.5659,0.6401,0.507,0.6927,0.4149,,
1,strong,GradientBoosting,705197,197808,0.8396,0.7639,0.6944,0.7176,0.6727,0.7847,0.5812,,
1,strong,LinearSVC,705197,197808,0.7011,0.5534,0.5009,0.5519,0.4586,0.6567,0.3331,,
1,subtle,GradientBoosting,705638,176685,0.8239,0.7608,0.6645,0.744,0.6003,0.7657,0.5733,,
1,subtle,LinearSVC,705638,176685,0.6781,0.5552,0.4442,0.6603,0.3347,0.6386,0.3608,,
2,balanced_holdout,GradientBoosting,136731,36191,0.8548,0.8258,0.7996,0.9893,0.6709,0.8341,0.7682,,
2,balanced_holdout,LinearSVC,136731,36191,0.7041,0.538,0.5182,0.4603,0.5927,0.6713,0.3188,,
2,strong,GradientBoosting,700775,202029,0.8398,0.7734,0.7034,0.8701,0.5903,0.7773,0.6334,,
2,strong,LinearSVC,700775,202029,0.6916,0.5486,0.498,0.507,0.4894,0.6483,0.2998,,
2,subtle,GradientBoosting,708206,202691,0.8259,0.7831,0.6719,0.9213,0.5288,0.7553,0.6229,,
2,subtle,LinearSVC,708206,202691,0.6399,0.5178,0.4453,0.4595,0.432,0.6141,0.2326,,
3,balanced_holdout,GradientBoosting,138445,34605,0.8222,0.7547,0.653,0.778,0.5626,0.7546,0.5729,,
3,balanced_holdout,LinearSVC,138445,34605,0.6439,0.5083,0.4181,0.296,0.7121,0.5738,0.1305,,
3,strong,GradientBoosting,691334,212919,0.8127,0.7572,0.6846,0.8147,0.5903,0.7653,0.5882,,
3,strong,LinearSVC,691334,212919,0.6842,0.5795,0.4988,0.3704,0.7633,0.593,0.1783,,
3,subtle,GradientBoosting,698118,209231,0.8365,0.8155,0.7359,0.9114,0.6171,0.7957,0.6737,,
3,subtle,LinearSVC,698118,209231,0.683,0.6145,0.4775,0.3524,0.7405,0.5791,0.15,,
0,balanced_holdout,RBF-SVC,132436,27536,0.7315,0.6104,0.5535,0.7999,0.4232,0.6977,0.5128,20000.0,37.8
0,strong,RBF-SVC,694786,195741,0.7329,0.6686,0.5915,0.784,0.4748,0.7118,0.5065,20000.0,37.8
0,subtle,RBF-SVC,705587,210963,0.7101,0.6584,0.5264,0.918,0.369,0.6775,0.4997,20000.0,37.8
1,balanced_holdout,RBF-SVC,138271,41368,0.7663,0.7333,0.6596,0.8925,0.5231,0.7481,0.5975,20000.0,37.1
1,strong,RBF-SVC,705197,197808,0.7383,0.6722,0.5957,0.7324,0.502,0.7152,0.4907,20000.0,37.1
1,subtle,RBF-SVC,705638,176685,0.7386,0.6662,0.5719,0.8752,0.4247,0.7022,0.5364,20000.0,37.1
2,balanced_holdout,RBF-SVC,136731,36191,0.7877,0.7484,0.6937,0.9414,0.5492,0.7685,0.6555,20000.0,39.6
2,strong,RBF-SVC,700775,202029,0.7346,0.6841,0.6133,0.7954,0.499,0.7235,0.526,20000.0,39.6
2,subtle,RBF-SVC,708206,202691,0.7127,0.6577,0.5413,0.9358,0.3808,0.6852,0.5218,20000.0,39.6
3,balanced_holdout,RBF-SVC,138445,34605,0.6559,0.5432,0.4445,0.4123,0.4821,0.6266,0.241,20000.0,31.1
3,strong,RBF-SVC,691334,212919,0.7004,0.6554,0.5168,0.4571,0.5945,0.6402,0.2641,20000.0,31.1
3,subtle,RBF-SVC,698118,209231,0.7475,0.718,0.5731,0.5414,0.6089,0.6941,0.3761,20000.0,31.1
