dataset,model,pr_auc,roc_auc,f1,fit_s
balanced_holdout,GradientBoosting,0.7664 ± 0.0467,0.8252 ± 0.0186,0.6869 ± 0.0691,
balanced_holdout,LinearSVC,0.5692 ± 0.0582,0.6979 ± 0.0324,0.5002 ± 0.0533,
balanced_holdout,RBF-SVC,0.6588 ± 0.0856,0.7353 ± 0.0501,0.5878 ± 0.0976,27.5
strong,GradientBoosting,0.7663 ± 0.0063,0.8311 ± 0.0111,0.6940 ± 0.0067,
strong,LinearSVC,0.5588 ± 0.0121,0.6913 ± 0.0062,0.4951 ± 0.0073,
strong,RBF-SVC,0.6701 ± 0.0102,0.7266 ± 0.0152,0.5793 ± 0.0370,27.5
subtle,GradientBoosting,0.7845 ± 0.0198,0.8264 ± 0.0063,0.6827 ± 0.0311,
subtle,LinearSVC,0.5556 ± 0.0365,0.6602 ± 0.0204,0.4325 ± 0.0422,
subtle,RBF-SVC,0.6751 ± 0.0250,0.7272 ± 0.0162,0.5532 ± 0.0200,27.5
