dataset,tamper_type,n_rows,gb_flag_rate,svm_flag_rate,gb_pr_auc,svm_pr_auc,gb_f1,svm_f1
strong,altitude_spike,34055,0.7154602848333578,0.8362061371311115,0.6808,0.3682,0.6193,0.4804
strong,combined,8473,0.7186356662339195,0.635548211967426,0.6143,0.2561,0.3497,0.1541
strong,coordinate_jump,34064,0.7153006106153124,0.7145079849694692,0.6944,0.6566,0.6193,0.4254
strong,deletion_gap,10254,0.020382289838111956,0.021162473181197582,0.0244,0.0178,0.0136,0.0065
strong,heading_inconsistency,25677,0.7119601199517077,0.2946216458308992,0.5446,0.0795,0.5693,0.1695
strong,injection,25635,0.31952408816071776,0.14031597425394968,0.2288,0.0575,0.3029,0.0844
strong,precision_rounding,6560,0.9850609756097561,0.8602134146341464,0.7445,0.5542,0.3883,0.1654
strong,speed_inconsistency,25494,0.33698125049031147,0.1759629716796109,0.2626,0.0648,0.3161,0.1043
strong,timestamp_drift,25529,0.7144815699792393,0.014414979043440792,0.5545,0.0439,0.5697,0.009
strong,normal,499045,0.0406,0.1123,,,,
subtle,altitude_spike,21352,0.6898182840014987,0.5653802922442862,0.7178,0.3683,0.5708,0.443
subtle,combined,12759,0.7140057998275727,0.577004467434752,0.7328,0.5793,0.4872,0.3574
subtle,coordinate_jump,25604,0.6984846117794095,0.7070770192157475,0.7238,0.7205,0.6061,0.5589
subtle,deletion_gap,9414,0.017845761631612493,0.019439133205863608,0.0224,0.0179,0.0134,0.0119
subtle,heading_inconsistency,34007,0.6929161643191107,0.2244537889258094,0.7281,0.2329,0.6447,0.2434
subtle,injection,25562,0.3030279320866912,0.04354119395978406,0.2544,0.0596,0.3172,0.0466
subtle,precision_rounding,9840,0.46239837398373984,0.022357723577235773,0.424,0.0233,0.3042,0.0141
subtle,speed_inconsistency,42626,0.277600525500868,0.10202693191948577,0.4308,0.139,0.3381,0.1278
subtle,timestamp_drift,29799,0.7127420383234336,0.015034061545689453,0.7386,0.0511,0.6381,0.0175
subtle,normal,494624,0.0314,0.0426,,,,
