dataset,tamper_type,n_cases,gb_flag_rate,svm_flag_rate
strong,altitude_spike,8,1.0,1.0
strong,combined,2,1.0,1.0
strong,coordinate_jump,8,1.0,1.0
strong,deletion_gap,7,1.0,1.0
strong,heading_inconsistency,6,1.0,0.0
strong,injection,6,1.0,1.0
strong,precision_rounding,4,1.0,1.0
strong,speed_inconsistency,6,1.0,1.0
strong,timestamp_drift,6,1.0,0.0
strong,normal,7,0.0,0.0
subtle,altitude_spike,5,1.0,0.0
subtle,combined,3,1.0,1.0
subtle,coordinate_jump,6,1.0,1.0
subtle,deletion_gap,6,1.0,0.6667
subtle,heading_inconsistency,8,1.0,0.0
subtle,injection,6,1.0,0.0
subtle,precision_rounding,6,1.0,0.0
subtle,speed_inconsistency,10,1.0,1.0
subtle,timestamp_drift,7,1.0,0.0
subtle,normal,3,0.0,0.0
