replicate,dataset,model,train_rows,fit_s,n,pos,roc_auc,pr_auc,f1,prec,rec,bal_acc,mcc
0,balanced_holdout,RBF-SVC,20000,4.8,132436,27536,0.7315,0.6104,0.5535,0.7999,0.4232,0.6977,0.5128
0,strong,RBF-SVC,20000,4.8,694786,195741,0.733,0.6686,0.5915,0.7841,0.4748,0.7118,0.5065
0,subtle,RBF-SVC,20000,4.8,705587,210963,0.7102,0.6584,0.5264,0.918,0.369,0.6775,0.4998
1,balanced_holdout,RBF-SVC,20000,4.4,138271,41368,0.7663,0.7333,0.6596,0.896,0.5219,0.748,0.5988
1,strong,RBF-SVC,20000,4.4,705197,197808,0.7382,0.6721,0.5966,0.7369,0.5012,0.7157,0.4933
1,subtle,RBF-SVC,20000,4.4,705638,176685,0.7386,0.6662,0.5712,0.8797,0.4229,0.7018,0.5373
2,balanced_holdout,RBF-SVC,20000,4.5,136731,36191,0.7876,0.7484,0.6937,0.9414,0.5492,0.7685,0.6555
2,strong,RBF-SVC,20000,4.5,700775,202029,0.7346,0.6842,0.6133,0.7953,0.499,0.7235,0.526
2,subtle,RBF-SVC,20000,4.5,708206,202691,0.7127,0.6577,0.5413,0.9357,0.3808,0.6852,0.5218
3,balanced_holdout,RBF-SVC,20000,3.8,138445,34605,0.6559,0.5432,0.4447,0.4142,0.4801,0.6269,0.2423
3,strong,RBF-SVC,20000,3.8,691334,212919,0.7004,0.6554,0.5171,0.4584,0.593,0.6406,0.2652
3,subtle,RBF-SVC,20000,3.8,698118,209231,0.7475,0.718,0.5739,0.544,0.6073,0.6947,0.3781
