replicate,dataset,model,n,pos,roc_auc,pr_auc,f1,prec,rec,bal_acc,mcc
0,balanced_holdout,GradientBoosting,132436,27536,0.8034,0.6982,0.6146,0.7457,0.5227,0.738,0.5474
0,balanced_holdout,LinearSVC,132436,27536,0.7145,0.567,0.4988,0.6183,0.418,0.6751,0.409
0,strong,GradientBoosting,694786,195741,0.8325,0.7707,0.6935,0.8322,0.5945,0.7737,0.6143
0,strong,LinearSVC,694786,195741,0.6884,0.5539,0.4826,0.5883,0.4091,0.6484,0.3364
0,subtle,GradientBoosting,705587,210963,0.8192,0.7784,0.6584,0.8461,0.5388,0.7485,0.5796
0,subtle,LinearSVC,705587,210963,0.6397,0.5348,0.3632,0.7095,0.244,0.6007,0.3036
1,balanced_holdout,GradientBoosting,138271,41368,0.8205,0.787,0.6806,0.7582,0.6175,0.7667,0.569
1,balanced_holdout,LinearSVC,138271,41368,0.7291,0.6633,0.5659,0.6401,0.507,0.6927,0.4149
1,strong,GradientBoosting,705197,197808,0.8396,0.7639,0.6944,0.7176,0.6727,0.7847,0.5812
1,strong,LinearSVC,705197,197808,0.7011,0.5534,0.5009,0.5519,0.4586,0.6567,0.3331
1,subtle,GradientBoosting,705638,176685,0.8239,0.7608,0.6645,0.744,0.6003,0.7657,0.5733
1,subtle,LinearSVC,705638,176685,0.6781,0.5552,0.4442,0.6603,0.3347,0.6386,0.3608
2,balanced_holdout,GradientBoosting,136731,36191,0.8548,0.8258,0.7996,0.9893,0.6709,0.8341,0.7682
2,balanced_holdout,LinearSVC,136731,36191,0.7041,0.538,0.5182,0.4603,0.5927,0.6713,0.3188
2,strong,GradientBoosting,700775,202029,0.8398,0.7734,0.7034,0.8701,0.5903,0.7773,0.6334
2,strong,LinearSVC,700775,202029,0.6916,0.5486,0.498,0.507,0.4894,0.6483,0.2998
2,subtle,GradientBoosting,708206,202691,0.8259,0.7831,0.6719,0.9213,0.5288,0.7553,0.6229
2,subtle,LinearSVC,708206,202691,0.6399,0.5178,0.4453,0.4595,0.432,0.6141,0.2326
3,balanced_holdout,GradientBoosting,138445,34605,0.8222,0.7547,0.653,0.778,0.5626,0.7546,0.5729
3,balanced_holdout,LinearSVC,138445,34605,0.6439,0.5083,0.4181,0.296,0.7121,0.5738,0.1305
3,strong,GradientBoosting,691334,212919,0.8127,0.7572,0.6846,0.8147,0.5903,0.7653,0.5882
3,strong,LinearSVC,691334,212919,0.6842,0.5795,0.4988,0.3704,0.7633,0.593,0.1783
3,subtle,GradientBoosting,698118,209231,0.8365,0.8155,0.7359,0.9114,0.6171,0.7957,0.6737
3,subtle,LinearSVC,698118,209231,0.683,0.6145,0.4775,0.3524,0.7405,0.5791,0.15
